{
  "publicPath": "/",
  "all": [
    "index.html",
    "main.css",
    "scripts/1.17507.bundle.js",
    "scripts/2.17507.bundle.js",
    "scripts/3.17507.bundle.js",
    "scripts/main.17507.bundle.js"
  ],
  "initial": [
    "main.css",
    "scripts/main.17507.bundle.js"
  ],
  "async": [
    "scripts/1.17507.bundle.js",
    "scripts/2.17507.bundle.js",
    "scripts/3.17507.bundle.js"
  ],
  "modules": {
    "26220835": [
      1,
      5
    ],
    "78989281": [
      1,
      5
    ],
    "0be8aae6": [
      1,
      5
    ],
    "6d014479": [
      1,
      5
    ],
    "07021f3d": [
      1,
      5
    ],
    "3f88b6ea": [
      1,
      5
    ],
    "eb6c2844": [
      1,
      5
    ],
    "34197c5a": [
      1,
      5
    ],
    "12f1b7e9": [
      1,
      5
    ],
    "5970948e": [
      1,
      5
    ],
    "45f67b25": [
      1,
      5
    ],
    "5f928508": [
      1,
      5
    ],
    "4855b76c": [
      1,
      5
    ],
    "defa2860": [
      1,
      5
    ],
    "42b04540": [
      1,
      5
    ],
    "11ae413b": [
      1,
      5
    ],
    "fc28bb44": [
      1,
      5
    ],
    "1a244f08": [
      1,
      5
    ],
    "f3f63440": [
      1,
      5
    ],
    "b8937656": [
      1,
      5
    ],
    "73548c4a": [
      1,
      5
    ],
    "6128ce1f": [
      1,
      5
    ],
    "00ef1358": [
      1,
      5
    ],
    "3df1fa5f": [
      1,
      5
    ],
    "b5ef7188": [
      1,
      5
    ],
    "299ec725": [
      1,
      5
    ],
    "24c27136": [
      1,
      5
    ],
    "7bd745fe": [
      1,
      5
    ],
    "629b6fa4": [
      1,
      5
    ],
    "d5b2f1de": [
      1,
      5
    ],
    "25f81c3c": [
      1,
      5
    ],
    "c51814c8": [
      1,
      5
    ],
    "00fedc8d": [
      1,
      5
    ],
    "4aba066c": [
      1,
      5
    ],
    "6941ccfa": [
      1,
      5
    ],
    "c60afb20": [
      1,
      5
    ],
    "b95615ee": [
      1,
      5
    ],
    "c02e6bdc": [
      1,
      5
    ],
    "a5acd842": [
      1,
      5
    ],
    "438d235c": [
      1,
      5
    ],
    "e5f8e39e": [
      1,
      5
    ],
    "7bfc3bd3": [
      1,
      5
    ],
    "a76d1744": [
      1,
      5
    ],
    "363a39e6": [
      1,
      5
    ],
    "0343955a": [
      1,
      5
    ],
    "136c5a06": [
      1,
      5
    ],
    "bd7ef6c4": [
      1,
      5
    ],
    "c645333c": [
      1,
      5
    ],
    "512174f8": [
      2
    ],
    "41b15a7c": [
      3
    ],
    "46275b64": [
      4
    ],
    "51d4ea0c": [
      1,
      5
    ],
    "c91ae0a2": [
      1,
      5
    ],
    "14cc7884": [
      1,
      5
    ]
  }
}